id,first_name,last_name,email,gender,ip_address
1,Vinny,Horley,vhorley0@bigcartel.com,Male,165.156.26.250
2,Janka,MacGovern,jmacgovern1@goo.ne.jp,Female,176.69.36.237
3,Mindy,Halsworth,mhalsworth2@hhs.gov,Female,215.136.241.141
4,Trudi,Coppo,tcoppo3@census.gov,Female,92.35.243.167
5,Gaby,Lippatt,glippatt4@usatoday.com,Male,148.204.204.215
6,Emalee,Kyme,ekyme5@nhs.uk,Agender,230.55.184.222
7,Rowney,Schankel,rschankel6@shop-pro.jp,Male,209.106.249.160
8,Nedda,Madner,nmadner7@delicious.com,Female,50.216.55.115
9,Osgood,Camellini,ocamellini8@time.com,Male,174.180.84.36
10,Esteban,Pounsett,epounsett9@merriam-webster.com,Male,211.94.141.65
11,Rustin,Spadari,rspadaria@yolasite.com,Male,166.222.114.50
12,Nestor,Mattevi,nmattevib@twitpic.com,Male,95.255.137.107
13,Sloan,Sheere,ssheerec@mapquest.com,Male,249.127.198.215
14,Reeva,Ort,rortd@printfriendly.com,Female,119.96.245.72
15,Nilson,Rosencwaig,nrosencwaige@webs.com,Male,77.60.41.122
16,Valli,Ubsdale,vubsdalef@va.gov,Female,58.27.188.100
17,Marshall,Baden,mbadeng@fc2.com,Male,137.113.218.240
18,Findlay,Ganforth,fganforthh@bbc.co.uk,Male,0.59.229.35
19,Ophelie,Breeton,obreetoni@jimdo.com,Female,25.15.46.62
20,Gweneth,Bielfeldt,gbielfeldtj@last.fm,Female,9.4.78.171
21,Corina,Dreigher,cdreigherk@ocn.ne.jp,Female,154.16.194.66
22,Bernarr,Sherebrook,bsherebrookl@archive.org,Male,246.31.41.224
23,Deloris,Dourin,ddourinm@cbslocal.com,Female,235.4.47.22
24,Annadiana,Vanini,avaninin@youku.com,Female,6.110.89.188
25,Suzette,Snuggs,ssnuggso@sogou.com,Female,24.95.180.239
26,Wash,Norcross,wnorcrossp@elpais.com,Male,45.200.47.133
27,Lorry,Culligan,lculliganq@moonfruit.com,Female,124.161.2.52
28,Farlay,Pessold,fpessoldr@gnu.org,Bigender,109.181.175.218
29,Merrick,Pauncefoot,mpauncefoots@ask.com,Male,217.219.23.26
30,Christen,Senescall,csenescallt@psu.edu,Female,244.233.162.8
31,Delphine,Godbold,dgodboldu@g.co,Female,202.232.136.239
32,Amandie,McCreary,amccrearyv@patch.com,Female,37.206.238.15
33,Dee,Negal,dnegalw@ehow.com,Female,90.198.123.154
34,Brooke,Manus,bmanusx@flickr.com,Male,15.226.63.106
35,Kali,Tonry,ktonryy@moonfruit.com,Female,3.107.130.78
36,Cherey,Giacubo,cgiacuboz@deviantart.com,Female,97.114.182.222
37,Trefor,Brimming,tbrimming10@diigo.com,Male,234.151.139.21
38,Yolane,Simeone,ysimeone11@skype.com,Genderfluid,0.172.205.158
39,Hedi,Cran,hcran12@columbia.edu,Female,254.236.237.177
40,Sibylle,Stigers,sstigers13@purevolume.com,Female,131.192.142.60
41,Pier,Coldtart,pcoldtart14@vkontakte.ru,Female,66.0.15.46
42,Neddy,Raeside,nraeside15@state.gov,Male,91.98.222.151
43,Madelaine,Eslinger,meslinger16@prlog.org,Genderqueer,191.30.132.9
44,Eziechiele,Athelstan,eathelstan17@army.mil,Bigender,231.204.111.230
45,Udale,Tedahl,utedahl18@ted.com,Male,30.165.118.133
46,Gwenny,Beddard,gbeddard19@disqus.com,Female,246.18.186.238
47,Carly,Leppington,cleppington1a@cafepress.com,Male,27.208.250.159
48,Sibyl,Rossbrooke,srossbrooke1b@google.co.jp,Female,227.60.191.228
49,Dolph,Pember,dpember1c@google.it,Non-binary,244.185.32.66
50,Clareta,Dowd,cdowd1d@imgur.com,Genderqueer,39.251.219.119
51,Arnie,McMorran,amcmorran1e@statcounter.com,Male,35.154.26.248
52,Urbanus,Maidment,umaidment1f@tmall.com,Male,205.247.47.99
53,Stephen,Jakoviljevic,sjakoviljevic1g@last.fm,Male,85.116.43.245
54,Alister,Blackeby,ablackeby1h@feedburner.com,Male,88.105.189.158
55,Eugene,Blanche,eblanche1i@mapquest.com,Male,19.97.187.110
56,Adaline,Krysiak,akrysiak1j@google.com,Female,227.215.84.82
57,Ad,D'Almeida,adalmeida1k@stanford.edu,Male,62.122.102.64
58,Alis,Raubenheimer,araubenheimer1l@hibu.com,Female,45.56.134.166
59,Avie,Jorn,ajorn1m@marriott.com,Female,216.105.69.8
60,Caesar,Scorer,cscorer1n@moonfruit.com,Male,180.240.55.128
61,Nealson,Kordovani,nkordovani1o@unicef.org,Male,139.132.166.85
62,Elfreda,Vany,evany1p@arizona.edu,Female,149.150.70.251
63,Jimmy,Lipyeat,jlipyeat1q@craigslist.org,Male,157.236.148.213
64,Erik,Raigatt,eraigatt1r@aol.com,Male,113.211.126.215
65,Silvio,Feaveryear,sfeaveryear1s@msu.edu,Male,62.107.151.242
66,Zebedee,Feldmark,zfeldmark1t@about.me,Male,153.186.57.254
67,Yance,Oldham,yoldham1u@miibeian.gov.cn,Male,194.79.88.123
68,Sancho,Bould,sbould1v@symantec.com,Male,205.103.201.84
69,Raymond,Gillfillan,rgillfillan1w@webs.com,Genderfluid,247.226.71.255
70,Locke,Grigore,lgrigore1x@nsw.gov.au,Male,101.208.18.199
71,Jamey,Jersch,jjersch1y@homestead.com,Male,107.250.205.38
72,Salvidor,Denslow,sdenslow1z@stanford.edu,Male,95.31.35.186
73,Saw,Mathis,smathis20@jigsy.com,Genderqueer,164.123.48.253
74,Oralia,McGooch,omcgooch21@hatena.ne.jp,Female,210.210.9.236
75,Darill,Simoneton,dsimoneton22@shinystat.com,Male,186.4.19.232
76,Elwood,Kennerley,ekennerley23@furl.net,Male,42.225.251.202
77,Bethany,Philpots,bphilpots24@google.com.au,Female,5.83.230.120
78,Audrie,McGrouther,amcgrouther25@ca.gov,Female,91.188.50.185
79,Zaccaria,Metrick,zmetrick26@flickr.com,Male,92.58.210.25
80,Callean,Slucock,cslucock27@privacy.gov.au,Male,29.236.59.135
81,Evered,Diviny,ediviny28@amazon.com,Male,244.210.167.13
82,Juliette,McCosh,jmccosh29@webeden.co.uk,Female,145.147.3.243
83,Alia,Fansy,afansy2a@blogger.com,Female,240.255.144.232
84,Kelcy,Toombes,ktoombes2b@sakura.ne.jp,Female,212.251.218.171
85,Rebekkah,Pashba,rpashba2c@theguardian.com,Female,111.86.6.197
86,Kalil,Poundford,kpoundford2d@gmpg.org,Male,176.196.130.26
87,Channa,Jeynes,cjeynes2e@imageshack.us,Female,114.51.66.73
88,Kata,Philpin,kphilpin2f@shutterfly.com,Female,224.61.97.143
89,Deloris,Deppe,ddeppe2g@slate.com,Female,175.187.78.11
90,Meier,McConnulty,mmcconnulty2h@jugem.jp,Male,251.202.161.129
91,Coreen,MacTavish,cmactavish2i@oaic.gov.au,Female,104.216.25.77
92,Martainn,Davidescu,mdavidescu2j@ifeng.com,Male,14.133.144.22
93,Sonny,Deval,sdeval2k@weebly.com,Female,95.21.128.65
94,Jeff,Genike,jgenike2l@over-blog.com,Male,91.227.194.93
95,Isaac,Dubock,idubock2m@sfgate.com,Male,101.134.115.19
96,Joice,Coper,jcoper2n@ucoz.com,Female,174.95.104.123
97,Bank,Glassard,bglassard2o@virginia.edu,Non-binary,162.147.162.230
98,Stanleigh,Souten,ssouten2p@cdc.gov,Male,239.173.184.26
99,Dewey,Wisam,dwisam2q@google.es,Male,132.46.232.199
100,Estele,Gledhill,egledhill2r@techcrunch.com,Female,21.72.145.139
101,Othelia,Landre,olandre2s@zdnet.com,Non-binary,203.55.238.212
102,Merola,Trill,mtrill2t@washingtonpost.com,Female,243.177.134.136
103,Bradan,Burde,bburde2u@themeforest.net,Male,185.83.111.32
104,Annmaria,Clew,aclew2v@cbslocal.com,Female,18.9.54.163
105,Aubrette,Abrams,aabrams2w@harvard.edu,Female,29.154.226.237
106,Townie,Barnwille,tbarnwille2x@wisc.edu,Male,170.181.12.87
107,Phineas,Gillbey,pgillbey2y@goo.ne.jp,Genderqueer,185.59.35.101
108,Kaila,Lemonnier,klemonnier2z@hexun.com,Non-binary,228.86.86.121
109,Freemon,Bacher,fbacher30@yahoo.co.jp,Male,157.1.213.54
110,Shell,Keyse,skeyse31@spiegel.de,Male,7.204.176.190
111,Tristam,Glyn,tglyn32@go.com,Male,128.167.40.71
112,Nealon,Cluer,ncluer33@t-online.de,Male,202.130.181.106
113,Darrell,Zavattero,dzavattero34@dedecms.com,Male,128.115.132.83
114,Jared,Hackett,jhackett35@prnewswire.com,Male,173.166.172.23
115,Osmond,Dafydd,odafydd36@sciencedirect.com,Male,169.201.238.95
116,Skell,Aynold,saynold37@rambler.ru,Male,66.173.122.207
117,Gery,Tasseler,gtasseler38@google.es,Agender,69.157.54.210
118,Kippie,Mellmoth,kmellmoth39@amazon.com,Female,136.124.27.57
119,Maryrose,Lukovic,mlukovic3a@cbslocal.com,Genderfluid,189.97.206.16
120,Ludovika,Sendall,lsendall3b@mlb.com,Female,189.169.9.198
121,Lenora,Withey,lwithey3c@shutterfly.com,Female,175.63.169.213
122,Melodie,Thame,mthame3d@who.int,Female,107.101.69.71
123,Nicholas,Abbitt,nabbitt3e@cmu.edu,Male,92.153.125.201
124,Jane,Tomczak,jtomczak3f@reference.com,Female,96.135.127.171
125,Milzie,Denson,mdenson3g@naver.com,Female,59.79.97.177
126,Leopold,Pelos,lpelos3h@dmoz.org,Male,9.197.9.58
127,Tyler,Fancourt,tfancourt3i@creativecommons.org,Male,246.110.140.255
128,Jess,Calyton,jcalyton3j@unc.edu,Female,35.60.151.138
129,Lorianna,Dranfield,ldranfield3k@bravesites.com,Female,153.119.185.129
130,Goober,Axtonne,gaxtonne3l@businesswire.com,Male,199.155.119.216
131,Sal,Fitzroy,sfitzroy3m@godaddy.com,Female,53.76.210.172
132,Rorie,Dobbins,rdobbins3n@hud.gov,Female,147.154.6.166
133,Eugenia,Dunphy,edunphy3o@elpais.com,Female,207.225.177.62
134,Addie,Avent,aavent3p@edublogs.org,Female,253.241.41.117
135,Eben,Bridle,ebridle3q@mail.ru,Male,170.166.68.173
136,Myrtle,Klemenz,mklemenz3r@squarespace.com,Female,71.94.253.12
137,Elwood,Lucus,elucus3s@intel.com,Male,209.139.74.75
138,Teddy,Noonan,tnoonan3t@icio.us,Male,65.142.29.115
139,Deana,Newe,dnewe3u@cnbc.com,Female,61.87.42.202
140,Miltie,Lepoidevin,mlepoidevin3v@forbes.com,Male,159.56.223.64
141,Kristopher,Nortcliffe,knortcliffe3w@1und1.de,Male,120.236.130.66
142,Vachel,Toor,vtoor3x@unc.edu,Non-binary,215.44.168.232
143,Linet,Maghull,lmaghull3y@qq.com,Female,208.54.149.151
144,Mirilla,Glass,mglass3z@businessinsider.com,Female,81.204.77.116
145,Morry,Burchett,mburchett40@un.org,Male,151.153.103.81
146,Merola,Reddlesden,mreddlesden41@prnewswire.com,Female,38.52.107.214
147,Spencer,Tilberry,stilberry42@answers.com,Male,169.231.89.127
148,Emmi,Hardaker,ehardaker43@princeton.edu,Female,49.237.20.42
149,Justen,Bartosek,jbartosek44@usa.gov,Male,15.92.72.111
150,Dierdre,Maddy,dmaddy45@salon.com,Female,51.187.115.127
151,Wendeline,Strass,wstrass46@baidu.com,Female,152.93.215.146
152,Iormina,Himsworth,ihimsworth47@phoca.cz,Female,87.94.214.51
153,Rosa,Dagleas,rdagleas48@twitter.com,Female,30.134.205.26
154,Kaine,Tomaskunas,ktomaskunas49@state.gov,Male,185.41.52.85
155,Rollie,Tethcote,rtethcote4a@theguardian.com,Male,255.224.110.206
156,Ashby,Polleye,apolleye4b@ycombinator.com,Male,15.104.192.28
157,Barr,Carnachen,bcarnachen4c@census.gov,Male,204.191.179.56
158,Anny,McMorland,amcmorland4d@multiply.com,Female,124.56.3.15
159,Niki,Attaway,nattaway4e@pcworld.com,Female,191.206.48.51
160,Nerita,Swettenham,nswettenham4f@nba.com,Genderfluid,6.156.162.172
161,Trey,Craighead,tcraighead4g@answers.com,Male,124.199.200.104
162,Paul,d'Escoffier,pdescoffier4h@goo.ne.jp,Male,90.145.187.251
163,Dode,Creeber,dcreeber4i@ovh.net,Female,122.68.25.241
164,Omar,Dameisele,odameisele4j@cnet.com,Male,9.66.210.99
165,Pancho,Parkins,pparkins4k@about.me,Male,170.123.49.157
166,Keely,Gosford,kgosford4l@tiny.cc,Female,111.225.237.52
167,Marinna,Fyall,mfyall4m@multiply.com,Female,33.201.213.35
168,Gwendolyn,Murdoch,gmurdoch4n@free.fr,Female,15.2.216.235
169,Anselma,Feltoe,afeltoe4o@dell.com,Female,26.85.121.5
170,Nanine,Guerri,nguerri4p@soup.io,Female,119.105.51.28
171,Annmaria,Trebble,atrebble4q@altervista.org,Female,18.12.225.34
172,Diena,McGrail,dmcgrail4r@wordpress.com,Female,141.236.10.9
173,Leandra,Pinck,lpinck4s@arstechnica.com,Polygender,9.186.169.240
174,Lorenzo,Colhoun,lcolhoun4t@google.de,Male,94.106.32.98
175,Janith,Tweede,jtweede4u@hao123.com,Female,43.16.127.26
176,Pavla,Soitoux,psoitoux4v@facebook.com,Female,137.38.34.175
177,Rafaellle,Dargie,rdargie4w@tripadvisor.com,Male,165.230.130.214
178,Johny,Scurr,jscurr4x@uiuc.edu,Male,186.52.28.129
179,Skelly,Pynn,spynn4y@mac.com,Polygender,30.197.26.235
180,Addy,Woodvine,awoodvine4z@yellowbook.com,Female,144.213.209.141
181,Gayel,Ackroyd,gackroyd50@marketwatch.com,Female,176.42.171.139
182,Scotti,Siddeley,ssiddeley51@apache.org,Male,221.62.3.203
183,Leonidas,Dilger,ldilger52@weebly.com,Male,28.77.226.165
184,Georgiana,Woollhead,gwoollhead53@a8.net,Female,211.118.31.11
185,Tasia,Gofford,tgofford54@foxnews.com,Female,252.236.223.57
186,Garvy,Miettinen,gmiettinen55@businessinsider.com,Male,145.203.180.246
187,Meagan,Dillimore,mdillimore56@loc.gov,Genderqueer,141.197.83.73
188,Moise,Heims,mheims57@mtv.com,Male,87.91.198.89
189,Brocky,Van't Hoff,bvanthoff58@themeforest.net,Genderfluid,196.82.11.182
190,Gianni,Mayall,gmayall59@unicef.org,Male,227.207.182.143
191,Rad,Wattam,rwattam5a@theglobeandmail.com,Male,2.53.43.255
192,Giffie,Shillingford,gshillingford5b@telegraph.co.uk,Male,165.56.120.12
193,Rollo,Hazle,rhazle5c@ihg.com,Male,249.116.185.21
194,Sigrid,Itzakovitz,sitzakovitz5d@chron.com,Female,45.150.35.208
195,Micky,Darbyshire,mdarbyshire5e@gov.uk,Female,196.184.130.172
196,Bartolomeo,Parsons,bparsons5f@bloomberg.com,Male,240.164.245.65
197,Cyrille,Millsap,cmillsap5g@mac.com,Male,251.41.39.24
198,Cybil,Serjeantson,cserjeantson5h@apache.org,Female,149.209.137.143
199,Lezlie,Churchyard,lchurchyard5i@technorati.com,Female,85.36.118.130
200,Sheelah,Dowe,sdowe5j@php.net,Female,105.13.151.110
201,Grata,Buddell,gbuddell5k@google.com,Female,246.115.31.99
202,Solomon,Pilmer,spilmer5l@java.com,Male,148.84.81.251
203,Allene,MacFadin,amacfadin5m@washington.edu,Female,64.74.116.160
204,Rollin,Sanderson,rsanderson5n@va.gov,Male,133.233.23.152
205,Nadine,Khristoforov,nkhristoforov5o@google.it,Female,253.45.217.110
206,Teodora,Plunkett,tplunkett5p@webeden.co.uk,Female,151.49.141.118
207,Iorgos,Jaskowicz,ijaskowicz5q@netvibes.com,Male,41.9.158.219
208,Valina,Anfonsi,vanfonsi5r@stumbleupon.com,Female,72.123.91.233
209,Sileas,Ponte,sponte5s@tumblr.com,Female,76.13.155.38
210,Noami,Petrecz,npetrecz5t@cocolog-nifty.com,Female,83.242.193.104
211,Philly,Gorvin,pgorvin5u@dropbox.com,Female,45.89.21.164
212,Gertrude,Ickowicz,gickowicz5v@goo.ne.jp,Female,159.165.199.32
213,Vilhelmina,Masser,vmasser5w@stumbleupon.com,Female,87.52.41.36
214,Edwina,Mangin,emangin5x@wix.com,Female,230.127.93.146
215,Jamison,Clarey,jclarey5y@taobao.com,Male,78.46.111.103
216,Marylynne,Mingo,mmingo5z@zimbio.com,Female,160.44.197.166
217,Ferdinande,Karolewski,fkarolewski60@tinyurl.com,Female,179.41.78.107
218,Jack,Curd,jcurd61@discovery.com,Male,99.37.250.72
219,Jeanine,Micallef,jmicallef62@list-manage.com,Female,71.196.112.184
220,Cordelie,Dauby,cdauby63@zdnet.com,Female,109.128.122.108
221,Kylie,Haswall,khaswall64@pbs.org,Female,182.125.160.43
222,Annora,Bonnor,abonnor65@woothemes.com,Female,239.148.25.176
223,Meta,Bryett,mbryett66@wiley.com,Female,237.207.128.109
224,Emlyn,Sorby,esorby67@independent.co.uk,Female,248.50.128.73
225,Farlee,Deares,fdeares68@java.com,Male,198.170.154.177
226,Rosemonde,Goult,rgoult69@trellian.com,Female,113.126.24.23
227,Anthony,Merrick,amerrick6a@behance.net,Male,251.192.53.117
228,Kaspar,Ridsdell,kridsdell6b@gizmodo.com,Male,28.179.145.131
229,Phyllida,Catteroll,pcatteroll6c@youku.com,Female,238.36.56.75
230,Lind,Bellino,lbellino6d@state.tx.us,Male,230.174.152.10
231,Paxon,Vidineev,pvidineev6e@cdbaby.com,Male,92.136.59.136
232,Carlita,Farraway,cfarraway6f@blogtalkradio.com,Female,6.241.193.173
233,Mose,Raubenheimers,mraubenheimers6g@quantcast.com,Male,118.238.239.130
234,Reena,Beat,rbeat6h@ihg.com,Female,104.213.241.205
235,Domini,Deaves,ddeaves6i@dell.com,Female,123.40.4.125
236,Mohandas,Giannoni,mgiannoni6j@shop-pro.jp,Male,132.160.50.49
237,Eugen,Claque,eclaque6k@hao123.com,Genderqueer,226.221.97.221
238,Margi,Brereton,mbrereton6l@spotify.com,Female,139.4.133.196
239,Dona,Wilcocke,dwilcocke6m@psu.edu,Female,118.11.218.228
240,Wake,Hutten,whutten6n@berkeley.edu,Non-binary,135.138.132.164
241,Erinn,Olohan,eolohan6o@hugedomains.com,Female,121.18.211.223
242,Concettina,Denman,cdenman6p@pbs.org,Female,164.80.60.216
243,Boony,Kelling,bkelling6q@bravesites.com,Genderfluid,184.50.128.41
244,Yehudi,Blunden,yblunden6r@yale.edu,Male,71.49.117.16
245,Garrard,Lupson,glupson6s@loc.gov,Male,240.191.158.127
246,Jacky,Bartley,jbartley6t@tinypic.com,Male,217.60.0.97
247,Anastassia,Aubry,aaubry6u@bigcartel.com,Genderqueer,158.209.221.103
248,Madalyn,MacDonell,mmacdonell6v@microsoft.com,Polygender,222.51.252.195
249,Matilde,Frascone,mfrascone6w@github.io,Female,115.49.44.95
250,Dori,Kintzel,dkintzel6x@noaa.gov,Female,203.36.70.144
251,Tory,Marcham,tmarcham6y@goo.gl,Non-binary,56.185.60.120
252,Sibeal,Matovic,smatovic6z@skyrock.com,Genderqueer,164.89.152.189
253,Madelon,MacAlister,mmacalister70@hp.com,Female,210.102.241.204
254,Joanna,Grenkov,jgrenkov71@addtoany.com,Polygender,58.38.174.244
255,Koo,Wilks,kwilks72@salon.com,Female,88.204.51.245
256,Mariele,Kilcoyne,mkilcoyne73@meetup.com,Female,2.119.99.139
257,Carlynn,Carbett,ccarbett74@time.com,Female,58.219.39.180
258,Ashlin,Pitfield,apitfield75@nymag.com,Genderfluid,5.215.185.135
259,Nicky,Grishechkin,ngrishechkin76@icq.com,Genderfluid,155.150.155.83
260,Harcourt,Sculpher,hsculpher77@google.com,Male,11.155.54.74
261,Liam,Jacobovitch,ljacobovitch78@google.com.hk,Male,139.15.96.224
262,Jobey,Seyers,jseyers79@gmpg.org,Female,44.153.89.142
263,Barnie,Garritley,bgarritley7a@bloglines.com,Male,145.214.171.227
264,Charmine,Leckenby,cleckenby7b@constantcontact.com,Female,181.239.159.133
265,Fletcher,Curmi,fcurmi7c@skyrock.com,Male,31.72.197.20
266,Teodoro,Bonhill,tbonhill7d@shop-pro.jp,Male,177.144.121.165
267,Saloma,Kobes,skobes7e@homestead.com,Female,110.222.226.140
268,Aldous,Gentery,agentery7f@plala.or.jp,Male,199.31.98.91
269,Phillip,Cato,pcato7g@etsy.com,Agender,142.65.22.32
270,Corrie,Ladbrook,cladbrook7h@wsj.com,Female,189.65.159.141
271,Babb,Peery,bpeery7i@istockphoto.com,Bigender,163.147.230.238
272,Tab,Dunrige,tdunrige7j@examiner.com,Bigender,77.81.72.64
273,Christoper,Beaston,cbeaston7k@cornell.edu,Male,226.46.20.176
274,Colleen,Colebrook,ccolebrook7l@xrea.com,Female,46.203.20.192
275,Rowe,Dufton,rdufton7m@nih.gov,Polygender,187.144.111.189
276,Koralle,Postan,kpostan7n@wiley.com,Female,157.24.188.153
277,Genia,O'Donoghue,godonoghue7o@yandex.ru,Female,201.223.247.35
278,Paulo,Realff,prealff7p@ebay.co.uk,Male,252.22.32.40
279,Lucienne,Jurges,ljurges7q@who.int,Genderfluid,0.30.56.89
280,Kurtis,Huntly,khuntly7r@webeden.co.uk,Male,24.122.73.45
281,Brady,Redford,bredford7s@sphinn.com,Male,136.135.60.70
282,Jinny,Praill,jpraill7t@hao123.com,Female,222.113.54.114
283,Brett,Saltmarshe,bsaltmarshe7u@google.com,Male,215.201.232.115
284,Valentijn,Tuddall,vtuddall7v@house.gov,Male,150.219.93.165
285,Tris,Rays,trays7w@amazonaws.com,Male,46.185.66.115
286,Sawyer,Spittle,sspittle7x@ed.gov,Male,250.163.78.208
287,Cybill,Arro,carro7y@qq.com,Female,57.164.31.130
288,Siffre,Garred,sgarred7z@xrea.com,Male,190.37.92.26
289,Tate,Kuschek,tkuschek80@admin.ch,Agender,219.80.237.228
290,Kirby,Le land,kleland81@naver.com,Male,43.16.58.69
291,Ingar,Climpson,iclimpson82@omniture.com,Male,159.134.184.107
292,Othella,Ellerington,oellerington83@edublogs.org,Female,36.66.225.25
293,Mercy,Durman,mdurman84@intel.com,Bigender,3.168.159.189
294,Drucy,Squires,dsquires85@4shared.com,Female,10.235.109.255
295,Celia,Tuft,ctuft86@yandex.ru,Female,167.84.154.17
296,L;urette,Donalson,ldonalson87@howstuffworks.com,Genderqueer,128.99.179.167
297,Tate,O'Brollachain,tobrollachain88@woothemes.com,Male,95.109.229.16
298,Rockwell,Fulcher,rfulcher89@sbwire.com,Male,140.205.230.48
299,Weber,Harbin,wharbin8a@huffingtonpost.com,Male,62.218.196.155
300,Sophey,Orbell,sorbell8b@netvibes.com,Polygender,36.113.135.242
301,Zenia,Frude,zfrude8c@mayoclinic.com,Female,25.159.203.246
302,Gerrard,Keasley,gkeasley8d@technorati.com,Male,115.205.117.30
303,Alene,Stainer,astainer8e@domainmarket.com,Female,249.242.87.164
304,Gavra,Tompsett,gtompsett8f@lulu.com,Female,169.250.69.237
305,Adiana,Recke,arecke8g@independent.co.uk,Female,192.20.195.40
306,Koren,Tindle,ktindle8h@t-online.de,Female,48.92.15.215
307,Baron,Marques,bmarques8i@fotki.com,Male,109.13.41.219
308,Layney,Catley,lcatley8j@redcross.org,Female,247.88.96.191
309,Aila,McSwan,amcswan8k@w3.org,Female,232.217.137.56
310,Pavia,Denman,pdenman8l@cnet.com,Female,163.18.54.252
311,Vilma,MacIan,vmacian8m@ted.com,Female,134.88.39.97
312,Worthington,Wathan,wwathan8n@walmart.com,Male,23.184.98.116
313,Rodger,Cockett,rcockett8o@psu.edu,Male,189.85.59.100
314,Susana,Caulwell,scaulwell8p@aol.com,Female,62.141.162.226
315,Elsey,Roskams,eroskams8q@studiopress.com,Female,85.108.207.12
316,Germain,Shearstone,gshearstone8r@nhs.uk,Male,116.138.171.184
317,Gretchen,Fuggles,gfuggles8s@bravesites.com,Female,59.160.13.133
318,Ellerey,Lowin,elowin8t@t-online.de,Non-binary,146.231.127.188
319,Yulma,Sexon,ysexon8u@wikia.com,Male,118.66.183.33
320,Kinnie,Lockitt,klockitt8v@vkontakte.ru,Male,193.97.39.93
321,Malena,Gilcrist,mgilcrist8w@stanford.edu,Female,108.245.245.73
322,Hettie,Sinclair,hsinclair8x@technorati.com,Female,209.179.49.44
323,Bronnie,Ogborne,bogborne8y@earthlink.net,Male,158.29.87.35
324,Dalston,Greenhough,dgreenhough8z@biglobe.ne.jp,Male,251.225.58.10
325,Emmit,Wellings,ewellings90@opensource.org,Male,56.42.17.215
326,Milissent,Kupec,mkupec91@istockphoto.com,Female,176.109.198.76
327,Shelba,Vearncombe,svearncombe92@goo.gl,Female,220.245.167.185
328,Kristofor,Ambrogini,kambrogini93@about.me,Male,53.28.136.2
329,Jorry,Lipmann,jlipmann94@live.com,Female,145.138.44.80
330,Symon,MacLleese,smaclleese95@typepad.com,Male,199.134.227.144
331,Sally,Becket,sbecket96@bloglines.com,Female,105.187.255.81
332,Ingra,Conechie,iconechie97@devhub.com,Male,77.94.38.255
333,Rufe,Wethers,rwethers98@statcounter.com,Male,236.222.69.69
334,Art,Marquot,amarquot99@nationalgeographic.com,Non-binary,182.131.99.135
335,Gustave,Searjeant,gsearjeant9a@weather.com,Male,175.200.66.134
336,Alfy,Betser,abetser9b@apple.com,Female,78.50.232.33
337,Duky,Blethin,dblethin9c@prlog.org,Male,212.154.119.213
338,Dom,Haizelden,dhaizelden9d@yellowpages.com,Male,25.102.38.229
339,Alasdair,McCrackan,amccrackan9e@slashdot.org,Male,104.44.208.92
340,Blinnie,Edsell,bedsell9f@bloglines.com,Female,63.110.78.170
341,Channa,Mewes,cmewes9g@phoca.cz,Female,73.89.82.241
342,Abagail,Bartunek,abartunek9h@scribd.com,Female,241.16.136.162
343,Edita,Cotter,ecotter9i@wp.com,Female,219.243.5.98
344,Mariel,Gallyon,mgallyon9j@about.com,Female,196.108.130.27
345,Joshia,Deverock,jdeverock9k@dyndns.org,Male,203.201.156.118
346,Carey,McLemon,cmclemon9l@gravatar.com,Male,140.97.28.45
347,Elaina,Wankling,ewankling9m@cdbaby.com,Female,223.8.78.28
348,Gabrila,Loadman,gloadman9n@buzzfeed.com,Female,114.199.51.6
349,Lavina,Flahy,lflahy9o@wikispaces.com,Female,89.143.194.44
350,Corissa,Jenkison,cjenkison9p@cnbc.com,Female,205.155.210.79
351,Penny,Uren,puren9q@ftc.gov,Female,96.210.88.1
352,Emelda,O'Teague,eoteague9r@thetimes.co.uk,Female,75.90.150.222
353,Tiffie,Syder,tsyder9s@psu.edu,Female,185.54.89.35
354,Simon,Filoniere,sfiloniere9t@tumblr.com,Male,44.238.121.134
355,Katha,Cattanach,kcattanach9u@npr.org,Female,64.121.215.163
356,Pen,McPeeters,pmcpeeters9v@theguardian.com,Male,155.207.148.109
357,Levin,Cracoe,lcracoe9w@flickr.com,Male,32.217.203.101
358,Sigvard,Overstone,soverstone9x@webs.com,Male,23.155.175.92
359,Stacie,Lebbern,slebbern9y@abc.net.au,Female,243.151.107.62
360,Barty,Ditchfield,bditchfield9z@odnoklassniki.ru,Male,192.231.234.98
361,Fern,Hold,fholda0@purevolume.com,Female,109.68.44.144
362,Palmer,Canceller,pcancellera1@reference.com,Male,85.172.168.98
363,Alvy,Lonnon,alonnona2@businessinsider.com,Male,78.131.193.132
364,Kylie,Kilsby,kkilsbya3@comcast.net,Male,90.150.223.37
365,Molly,Dickenson,mdickensona4@dmoz.org,Female,35.104.79.33
366,Fredra,De Winton,fdewintona5@linkedin.com,Female,161.12.214.28
367,Avery,Hundall,ahundalla6@cisco.com,Male,154.64.180.214
368,Stephanie,Bartoszek,sbartoszeka7@mayoclinic.com,Non-binary,240.190.176.91
369,Maximilian,Kennaird,mkennairda8@google.fr,Male,51.171.136.106
370,Benson,Scarf,bscarfa9@friendfeed.com,Male,235.24.22.89
371,Filbert,Mitchinson,fmitchinsonaa@trellian.com,Male,51.124.249.168
372,Stevana,Fawson,sfawsonab@wunderground.com,Polygender,248.222.229.6
373,Leda,Scamadine,lscamadineac@unc.edu,Female,32.165.237.43
374,Rayner,Vickarman,rvickarmanad@foxnews.com,Polygender,34.38.77.0
375,Gretel,Portwain,gportwainae@yolasite.com,Female,110.112.182.1
376,Lynda,Astlett,lastlettaf@unesco.org,Female,59.125.194.148
377,Thoma,Fotitt,tfotittag@imageshack.us,Male,87.210.46.73
378,Norry,Bucklee,nbuckleeah@w3.org,Male,215.134.72.90
379,Kingston,Brammar,kbrammarai@gravatar.com,Male,235.243.132.175
380,Anastasie,Quick,aquickaj@smh.com.au,Female,114.9.74.180
381,Flo,Gravy,fgravyak@is.gd,Genderqueer,100.199.46.229
382,Sharron,Irvin,sirvinal@cbc.ca,Female,26.130.156.125
383,Mord,Ffrench,mffrencham@last.fm,Male,228.174.17.9
384,Francklin,Blemen,fblemenan@linkedin.com,Male,228.197.229.215
385,Arlina,Pieters,apietersao@java.com,Female,132.190.176.49
386,Dode,Bulfoot,dbulfootap@hugedomains.com,Genderqueer,75.225.201.31
387,Carlye,Gokes,cgokesaq@fda.gov,Female,16.25.82.240
388,Grady,Guitonneau,gguitonneauar@last.fm,Male,239.13.47.51
389,Jamie,Blampey,jblampeyas@elegantthemes.com,Male,31.94.135.95
390,Taylor,Feighney,tfeighneyat@123-reg.co.uk,Male,179.249.135.69
391,Normand,Skoate,nskoateau@over-blog.com,Male,14.108.227.67
392,Ralina,Dorin,rdorinav@cbsnews.com,Female,21.155.63.147
393,Vinson,Bayly,vbaylyaw@blinklist.com,Male,214.253.75.162
394,Audrye,Boone,abooneax@nasa.gov,Female,76.62.153.63
395,Dru,Pietersma,dpietersmaay@surveymonkey.com,Male,247.120.58.176
396,Johannah,Ondrusek,jondrusekaz@indiegogo.com,Female,16.147.145.177
397,Rudy,Simons,rsimonsb0@bloglovin.com,Male,37.145.81.232
398,Bogart,Boteman,bbotemanb1@yahoo.com,Male,210.140.157.82
399,Meggy,Rosenqvist,mrosenqvistb2@illinois.edu,Female,189.108.122.21
400,Magda,Bengal,mbengalb3@disqus.com,Polygender,51.49.242.181
401,Zacharias,Fitch,zfitchb4@ezinearticles.com,Male,24.20.98.161
402,Marietta,Spir,mspirb5@photobucket.com,Male,189.29.135.204
403,Linn,Fone,lfoneb6@vinaora.com,Male,87.178.22.54
404,Humfrey,Liggens,hliggensb7@shinystat.com,Male,169.112.236.131
405,Abagael,Trodd,atroddb8@theatlantic.com,Female,236.218.130.151
406,Cori,Attrill,cattrillb9@google.pl,Male,99.98.206.87
407,Sonni,Schankelborg,sschankelborgba@uol.com.br,Female,154.174.208.109
408,Merell,Gibbin,mgibbinbb@chronoengine.com,Male,196.165.51.174
409,Casper,Ivoshin,civoshinbc@macromedia.com,Male,59.68.79.83
410,Margi,Bricklebank,mbricklebankbd@tmall.com,Female,122.120.170.157
411,Chelsey,Sutty,csuttybe@blinklist.com,Female,214.36.95.245
412,Isacco,Castanone,icastanonebf@wiley.com,Male,142.59.73.230
413,Justinn,Doonican,jdoonicanbg@de.vu,Female,85.101.30.11
414,Ottilie,Pollastrone,opollastronebh@oaic.gov.au,Female,155.67.221.239
415,Esmaria,More,emorebi@prweb.com,Female,114.218.95.217
416,Rheta,Bayford,rbayfordbj@youtu.be,Female,135.103.50.23
417,Jerad,Charker,jcharkerbk@quantcast.com,Male,111.60.25.3
418,Betteann,Ofener,bofenerbl@ning.com,Female,232.102.172.47
419,Enrico,Polding,epoldingbm@dot.gov,Male,232.96.1.202
420,Lyssa,Ianiello,lianiellobn@japanpost.jp,Female,45.43.93.5
421,Frank,Wink,fwinkbo@amazon.co.uk,Male,28.248.97.248
422,Brier,Harroll,bharrollbp@china.com.cn,Female,201.153.136.67
423,Alano,Streatfield,astreatfieldbq@g.co,Male,208.34.205.148
424,Vitoria,Ebertz,vebertzbr@cnet.com,Agender,8.216.18.65
425,Valle,Brunning,vbrunningbs@ocn.ne.jp,Genderfluid,164.49.186.242
426,Layla,O'Halligan,lohalliganbt@cisco.com,Agender,17.84.246.87
427,Dre,Yukhnin,dyukhninbu@ycombinator.com,Female,179.30.104.148
428,Bari,Scotson,bscotsonbv@ucoz.ru,Female,253.64.122.216
429,Harriett,Danbi,hdanbibw@mac.com,Female,65.4.30.159
430,Arnaldo,Chesterman,achestermanbx@hubpages.com,Male,155.187.230.30
431,Isaak,Cobbold,icobboldby@bbc.co.uk,Male,245.50.124.54
432,Phylys,Birney,pbirneybz@zimbio.com,Female,244.236.210.86
433,Marielle,Redon,mredonc0@yellowpages.com,Female,211.246.98.30
434,Calvin,Kupec,ckupecc1@behance.net,Male,20.229.60.156
435,Gideon,Rapi,grapic2@addthis.com,Male,127.235.247.205
436,Worth,Maldin,wmaldinc3@abc.net.au,Male,253.199.33.209
437,Fay,Deighan,fdeighanc4@bandcamp.com,Female,214.79.204.147
438,Fred,Hunte,fhuntec5@sina.com.cn,Female,239.2.219.94
439,Letitia,Danslow,ldanslowc6@rakuten.co.jp,Female,74.229.59.205
440,Rina,Pullinger,rpullingerc7@prlog.org,Female,125.64.98.229
441,Arin,Stephens,astephensc8@europa.eu,Male,47.107.70.4
442,Evonne,Nisen,enisenc9@loc.gov,Female,53.145.140.151
443,Lynelle,Zorzenoni,lzorzenonica@princeton.edu,Female,29.146.32.128
444,Naomi,Shynn,nshynncb@bizjournals.com,Female,24.202.87.16
445,Lodovico,Ghioni,lghionicc@yandex.ru,Male,67.160.175.56
446,Willie,Forth,wforthcd@dyndns.org,Female,182.39.208.57
447,Bayard,Karolewski,bkarolewskice@sina.com.cn,Male,91.238.187.19
448,Edyth,Corradini,ecorradinicf@blinklist.com,Female,25.204.144.71
449,Mitchel,Dominighi,mdominighicg@fema.gov,Male,120.94.58.77
450,Erik,Bottlestone,ebottlestonech@seesaa.net,Male,146.179.155.227
451,Maxy,Del Monte,mdelmonteci@msu.edu,Female,65.225.128.167
452,Saloma,Leall,sleallcj@guardian.co.uk,Female,195.177.99.97
453,Fitzgerald,Nann,fnannck@digg.com,Genderfluid,6.196.154.32
454,Sherm,Allawy,sallawycl@theglobeandmail.com,Male,254.119.74.13
455,Merna,Parsonson,mparsonsoncm@geocities.com,Female,28.206.36.247
456,Valle,Barus,vbaruscn@wikipedia.org,Male,169.161.255.73
457,Damien,Brookz,dbrookzco@earthlink.net,Polygender,208.130.52.78
458,Charisse,Collis,ccolliscp@theatlantic.com,Female,7.80.101.6
459,Warden,Tschersich,wtschersichcq@360.cn,Male,178.5.178.20
460,Kahaleel,Kellock,kkellockcr@histats.com,Bigender,26.23.103.81
461,Curry,Scopes,cscopescs@wordpress.org,Male,214.7.177.74
462,Elmer,Linbohm,elinbohmct@list-manage.com,Male,139.83.253.85
463,Sarina,Le Monnier,slemonniercu@geocities.com,Female,55.173.214.152
464,Quincey,Gamlin,qgamlincv@cbslocal.com,Male,81.90.146.131
465,Minna,Issatt,missattcw@bizjournals.com,Female,242.209.159.18
466,Eldin,Franceschelli,efranceschellicx@chronoengine.com,Male,120.72.89.88
467,Kane,Cantopher,kcantophercy@jimdo.com,Male,242.163.32.242
468,Gerry,Ruggen,gruggencz@salon.com,Female,97.111.100.105
469,Hobey,Jacobssen,hjacobssend0@sciencedirect.com,Male,83.94.90.226
470,Salaidh,Boxell,sboxelld1@cam.ac.uk,Female,19.74.137.117
471,Shellysheldon,Jeandillou,sjeandilloud2@state.tx.us,Male,201.183.205.182
472,Barney,Blackney,bblackneyd3@nasa.gov,Male,214.228.94.245
473,Brennen,Grinov,bgrinovd4@prlog.org,Male,186.75.240.3
474,Marylin,Kullmann,mkullmannd5@nps.gov,Female,229.197.81.133
475,Fair,Kordova,fkordovad6@oracle.com,Polygender,161.8.40.173
476,Cathee,Noquet,cnoquetd7@ycombinator.com,Female,167.22.100.237
477,Emmalynne,Hackley,ehackleyd8@mozilla.com,Female,75.232.40.124
478,Huntington,Bagwell,hbagwelld9@photobucket.com,Male,129.126.54.58
479,Currie,Blackmoor,cblackmoorda@soup.io,Male,195.148.139.249
480,Hinze,Scowcroft,hscowcroftdb@is.gd,Male,62.247.140.81
481,Sharia,Nuzzti,snuzztidc@deliciousdays.com,Genderqueer,180.167.249.49
482,Forrest,Eldredge,feldredgedd@seesaa.net,Bigender,193.37.95.156
483,Audry,Postill,apostillde@elegantthemes.com,Female,159.237.48.126
484,Laural,Allsupp,lallsuppdf@state.tx.us,Female,128.23.246.102
485,Ninnetta,Fippe,nfippedg@ustream.tv,Female,229.65.24.211
486,Tomlin,McMeanma,tmcmeanmadh@bloomberg.com,Male,168.5.235.95
487,Russ,Jertz,rjertzdi@plala.or.jp,Male,226.97.194.175
488,Dinnie,Peerless,dpeerlessdj@miibeian.gov.cn,Female,160.229.103.41
489,Mia,Jorin,mjorindk@godaddy.com,Female,69.111.16.60
490,Colin,Fontell,cfontelldl@globo.com,Male,65.6.124.254
491,Candra,Mordue,cmorduedm@psu.edu,Female,194.210.121.88
492,Brenden,Crippin,bcrippindn@slashdot.org,Male,119.178.181.215
493,Benedikt,Klampk,bklampkdo@youtube.com,Male,72.30.81.206
494,Tillie,Hartly,thartlydp@comcast.net,Female,85.22.220.240
495,Buck,Hansmann,bhansmanndq@cyberchimps.com,Male,44.87.165.35
496,Lizabeth,Hyrons,lhyronsdr@topsy.com,Female,141.139.132.53
497,Emmalynne,Abbatt,eabbattds@epa.gov,Female,49.189.92.118
498,Rosalinde,Giovannazzi,rgiovannazzidt@ibm.com,Female,187.143.239.253
499,Augustine,Bloy,abloydu@parallels.com,Female,47.166.224.230
500,Henrik,Bengtsen,hbengtsendv@vkontakte.ru,Genderqueer,253.134.59.244
501,Edgardo,Ovenden,eovendendw@yahoo.com,Male,161.200.249.36
502,Hallie,Leele,hleeledx@clickbank.net,Female,212.138.16.12
503,Iris,Griffoen,igriffoendy@howstuffworks.com,Agender,108.190.159.86
504,Fania,Charnick,fcharnickdz@fda.gov,Female,235.115.247.106
505,Hazlett,Jeannenet,hjeannenete0@meetup.com,Male,63.31.72.98
506,Byrann,Tampion,btampione1@1688.com,Male,74.203.7.212
507,Aggie,Berardt,aberardte2@bbc.co.uk,Female,247.23.31.58
508,Leoline,Cutbush,lcutbushe3@wikipedia.org,Female,151.13.207.151
509,Uta,Stuckow,ustuckowe4@discovery.com,Female,38.185.250.7
510,Maybelle,Cornier,mcorniere5@ucoz.ru,Genderfluid,136.139.125.36
511,Fairlie,Undrill,fundrille6@disqus.com,Bigender,114.92.146.137
512,Terrell,Witty,twittye7@wisc.edu,Male,55.245.213.224
513,Menard,Jeannesson,mjeannessone8@free.fr,Male,0.211.162.13
514,Wash,Briars,wbriarse9@archive.org,Male,71.90.187.136
515,Cassandry,Kinchley,ckinchleyea@shutterfly.com,Female,160.226.182.236
516,Orlando,Bailiss,obailisseb@hc360.com,Male,64.46.125.252
517,Sean,Dabs,sdabsec@boston.com,Male,19.17.111.88
518,Melodie,Pandie,mpandieed@geocities.com,Female,11.124.139.116
519,Merill,Mc Meekan,mmcmeekanee@ovh.net,Male,199.111.83.155
520,Rosemary,Brizland,rbrizlandef@e-recht24.de,Female,161.84.204.234
521,Ann-marie,Bastide,abastideeg@spiegel.de,Female,108.169.21.178
522,Fernande,Ferber,fferbereh@goo.ne.jp,Female,118.134.120.206
523,Windy,Healey,whealeyei@ebay.co.uk,Non-binary,90.95.222.48
524,Gayla,Chivers,gchiversej@hatena.ne.jp,Female,181.85.55.27
525,Oriana,Taylour,otaylourek@naver.com,Female,54.21.244.161
526,Jacynth,Tyce,jtyceel@yahoo.co.jp,Female,209.118.161.113
527,Ermengarde,Salliss,esallissem@comsenz.com,Female,89.223.90.172
528,Kaleena,Libreros,klibrerosen@cnbc.com,Female,90.57.145.151
529,Davis,O'Heffernan,doheffernaneo@uiuc.edu,Male,184.132.164.3
530,Goraud,Ferrao,gferraoep@paginegialle.it,Male,255.158.0.32
531,Binny,Cockshot,bcockshoteq@typepad.com,Female,210.89.113.254
532,Micki,Rieme,mriemeer@stumbleupon.com,Female,166.62.87.20
533,Kary,Loader,kloaderes@moonfruit.com,Female,161.245.135.154
534,Ethelda,Hunter,ehunteret@dmoz.org,Female,102.208.232.143
535,Arda,Luetkemeyer,aluetkemeyereu@chicagotribune.com,Female,17.169.236.1
536,Crichton,De Avenell,cdeavenellev@aol.com,Male,17.60.59.129
537,Selena,Purser,spurserew@google.com,Female,125.152.58.134
538,Conn,Dyble,cdybleex@pcworld.com,Male,103.195.174.150
539,Barclay,Alessandone,balessandoneey@huffingtonpost.com,Male,7.136.105.250
540,Rey,Water,rwaterez@w3.org,Male,65.25.123.128
541,Gaylor,Coysh,gcoyshf0@adobe.com,Male,41.21.231.65
542,Stacia,Denk,sdenkf1@prlog.org,Female,130.90.212.251
543,Celene,Zupa,czupaf2@theguardian.com,Female,226.130.136.104
544,Rufus,Astupenas,rastupenasf3@chicagotribune.com,Male,173.161.20.148
545,Dasha,Grassett,dgrassettf4@sakura.ne.jp,Female,222.14.66.203
546,Agneta,Joesbury,ajoesburyf5@sourceforge.net,Female,201.36.114.5
547,Wolfgang,Gahan,wgahanf6@dailymail.co.uk,Male,174.191.112.77
548,Alida,Coulthard,acoulthardf7@gravatar.com,Female,130.12.133.203
549,Lorene,Draycott,ldraycottf8@eepurl.com,Female,49.6.76.174
550,Rosemarie,Turpin,rturpinf9@census.gov,Female,77.123.188.34
551,Dell,Zanre,dzanrefa@jiathis.com,Male,232.156.144.46
552,Pris,Matisoff,pmatisofffb@adobe.com,Female,231.130.6.152
553,Euell,Godwin,egodwinfc@rediff.com,Male,185.96.250.10
554,Darbie,Brunon,dbrunonfd@psu.edu,Female,187.220.145.81
555,Butch,Glanz,bglanzfe@fastcompany.com,Male,246.136.0.4
556,Nicko,Mavin,nmavinff@fc2.com,Male,65.108.224.164
557,Bertrando,Bracco,bbraccofg@pbs.org,Male,227.169.230.132
558,Niel,O' Hern,nohernfh@wunderground.com,Polygender,235.252.142.73
559,Dot,Gransden,dgransdenfi@geocities.jp,Female,248.19.104.79
560,Merilee,Sketchley,msketchleyfj@imdb.com,Female,70.113.171.25
561,Marcelo,Furmage,mfurmagefk@upenn.edu,Male,153.195.239.79
562,Alissa,Duignan,aduignanfl@usa.gov,Female,136.199.119.28
563,Vincents,Drayton,vdraytonfm@geocities.jp,Male,121.67.249.32
564,Gilda,Posse,gpossefn@census.gov,Non-binary,45.27.191.146
565,Bev,Iskov,biskovfo@amazon.com,Male,146.226.1.124
566,Jephthah,Dowsing,jdowsingfp@goodreads.com,Male,247.170.241.129
567,Augustine,Geldeard,ageldeardfq@who.int,Male,78.204.127.234
568,Federico,Fiennes,ffiennesfr@theglobeandmail.com,Male,225.43.189.37
569,Obed,Dumper,odumperfs@constantcontact.com,Male,229.128.255.157
570,Nappy,Borthram,nborthramft@linkedin.com,Male,20.119.87.50
571,Uriah,Lawlance,ulawlancefu@nih.gov,Male,45.102.225.21
572,Herschel,Wilbore,hwilborefv@1und1.de,Male,215.32.161.74
573,Graham,Fosdike,gfosdikefw@blogtalkradio.com,Male,164.175.227.156
574,Jeramey,Nann,jnannfx@qq.com,Male,8.166.33.30
575,Marna,Fowles,mfowlesfy@alibaba.com,Female,148.115.93.133
576,Hewett,Greschik,hgreschikfz@theguardian.com,Genderqueer,138.128.241.150
577,Dorthea,McIlrath,dmcilrathg0@usa.gov,Female,22.140.64.241
578,Hoyt,Barrasse,hbarrasseg1@indiatimes.com,Male,152.130.191.228
579,Krisha,Jeal,kjealg2@icio.us,Male,38.11.133.94
580,Murry,Rosenstein,mrosensteing3@hao123.com,Male,134.172.19.87
581,Clementine,Kimbrey,ckimbreyg4@desdev.cn,Female,13.147.67.69
582,Giles,Shortell,gshortellg5@ft.com,Male,33.232.148.126
583,Easter,McPartlin,emcpartling6@accuweather.com,Female,56.71.27.174
584,Tomkin,Gennrich,tgennrichg7@miibeian.gov.cn,Male,39.134.224.254
585,Cordey,D'Alesio,cdalesiog8@theglobeandmail.com,Female,203.17.95.128
586,Dorolisa,Thaim,dthaimg9@csmonitor.com,Female,131.98.30.16
587,Bertie,Dunckley,bdunckleyga@washingtonpost.com,Male,79.88.252.22
588,Whittaker,Hungerford,whungerfordgb@gmpg.org,Male,53.4.147.175
589,Connie,Lyptrit,clyptritgc@list-manage.com,Female,173.149.18.74
590,Jsandye,Beidebeke,jbeidebekegd@cdc.gov,Polygender,187.141.78.123
591,Cori,Ardern,cardernge@reuters.com,Female,253.110.120.13
592,Traver,McBeth,tmcbethgf@reuters.com,Male,229.231.94.249
593,Conrado,Dimitrijevic,cdimitrijevicgg@shutterfly.com,Male,8.118.132.160
594,Opal,Geater,ogeatergh@github.io,Female,105.198.62.105
595,Christopher,Barnhill,cbarnhillgi@addthis.com,Genderqueer,18.65.253.180
596,Art,Wayper,awaypergj@alibaba.com,Male,130.128.59.122
597,Ase,Sabbins,asabbinsgk@storify.com,Male,31.2.133.59
598,Cullie,Borgnol,cborgnolgl@bandcamp.com,Polygender,253.13.60.28
599,Oswell,Feveryear,ofeveryeargm@joomla.org,Male,190.179.8.165
600,Chelsie,Comusso,ccomussogn@shop-pro.jp,Female,74.161.0.207
601,Roxine,Linskey,rlinskeygo@arstechnica.com,Female,239.19.46.152
602,Zondra,Curcher,zcurchergp@google.cn,Genderqueer,116.212.120.121
603,Mathias,Windridge,mwindridgegq@nsw.gov.au,Male,215.159.229.78
604,Sampson,Streatfield,sstreatfieldgr@europa.eu,Male,179.159.243.119
605,Demetria,Curthoys,dcurthoysgs@typepad.com,Female,86.153.144.4
606,Julieta,Stagge,jstaggegt@seesaa.net,Polygender,51.124.50.122
607,Katya,Gocher,kgochergu@devhub.com,Female,121.159.161.241
608,Dame,Ruane,druanegv@addtoany.com,Male,219.191.183.163
609,Thedrick,Gerretsen,tgerretsengw@ameblo.jp,Male,209.145.162.110
610,Bentley,Cleynman,bcleynmangx@dailymail.co.uk,Agender,17.8.165.224
611,Daria,Van der Kruis,dvanderkruisgy@meetup.com,Female,173.44.243.178
612,Jorgan,Blenkiron,jblenkirongz@merriam-webster.com,Male,110.7.65.245
613,Justinian,Palfreeman,jpalfreemanh0@amazon.co.jp,Polygender,162.16.249.228
614,Scottie,Dillinton,sdillintonh1@hatena.ne.jp,Male,238.23.248.20
615,Farrell,Bottrell,fbottrellh2@posterous.com,Male,212.84.168.138
616,Niko,Richens,nrichensh3@com.com,Male,43.89.100.133
617,Elberta,Olin,eolinh4@myspace.com,Bigender,62.168.180.40
618,Margareta,Loughhead,mloughheadh5@angelfire.com,Female,170.39.180.30
619,Skipton,Courtier,scourtierh6@sciencedirect.com,Male,43.146.52.87
620,Laurel,Srutton,lsruttonh7@soup.io,Genderqueer,23.116.245.178
621,Evyn,Feenan,efeenanh8@miitbeian.gov.cn,Male,146.197.67.59
622,Stefano,Whalebelly,swhalebellyh9@tripod.com,Male,156.239.190.121
623,Loise,Mattecot,lmattecotha@cargocollective.com,Female,235.101.191.59
624,Ashli,Zelley,azelleyhb@multiply.com,Female,180.158.182.119
625,Kaitlynn,Kinder,kkinderhc@shutterfly.com,Female,85.68.120.98
626,Timmie,Hedditch,thedditchhd@reuters.com,Male,101.126.96.95
627,Dav,Rennles,drennleshe@cyberchimps.com,Male,198.38.80.140
628,Latrina,Riddall,lriddallhf@nymag.com,Female,23.45.126.96
629,Corissa,Priddey,cpriddeyhg@bigcartel.com,Non-binary,120.75.240.202
630,Deeanne,Robken,drobkenhh@1688.com,Female,200.250.228.219
631,Franny,Maulkin,fmaulkinhi@ucoz.ru,Male,6.52.147.146
632,Iormina,Lamey,ilameyhj@princeton.edu,Female,17.239.64.174
633,Ellerey,Owlner,eowlnerhk@sohu.com,Male,106.156.203.199
634,Dewitt,Wales,dwaleshl@tripadvisor.com,Male,98.40.244.205
635,Avery,Dack,adackhm@dell.com,Male,134.26.57.26
636,Torrence,Yashaev,tyashaevhn@joomla.org,Male,179.235.224.183
637,Geneva,Gerriets,ggerrietsho@accuweather.com,Female,37.140.245.159
638,Lurleen,Jiruch,ljiruchhp@diigo.com,Female,19.140.78.138
639,Brynne,Percy,bpercyhq@abc.net.au,Female,148.102.19.60
640,Constantino,Cominoli,ccominolihr@washingtonpost.com,Male,9.39.145.99
641,Sunshine,Consadine,sconsadinehs@flickr.com,Female,192.178.57.110
642,Currey,Jouandet,cjouandetht@latimes.com,Male,209.210.183.108
643,Bernardo,Farthin,bfarthinhu@uol.com.br,Polygender,48.93.148.118
644,Wenonah,Hatliffe,whatliffehv@google.com,Female,105.34.29.11
645,Hermione,Prier,hprierhw@nytimes.com,Female,229.95.163.41
646,Illa,Rawling,irawlinghx@opera.com,Female,6.131.34.132
647,Gradeigh,Weetch,gweetchhy@tumblr.com,Male,159.79.30.158
648,Edlin,Skryne,eskrynehz@columbia.edu,Male,234.52.21.250
649,Creight,Bridgwood,cbridgwoodi0@addtoany.com,Male,131.201.10.201
650,Edlin,Callis,ecallisi1@4shared.com,Male,123.158.35.150
651,Wald,Boynton,wboyntoni2@naver.com,Male,107.169.235.128
652,Noby,Acum,nacumi3@odnoklassniki.ru,Male,210.179.10.156
653,Kristo,Guyonnet,kguyonneti4@live.com,Male,212.125.159.121
654,Kalinda,Loblie,klobliei5@seesaa.net,Female,202.9.33.141
655,Brandy,Fletcher,bfletcheri6@fc2.com,Female,179.148.96.148
656,Pearce,Pudsey,ppudseyi7@wiley.com,Genderqueer,193.190.29.57
657,Rosalind,Oda,rodai8@sourceforge.net,Female,240.66.221.6
658,Gerti,Giuroni,ggiuronii9@forbes.com,Female,78.225.191.192
659,Ola,Marsay,omarsayia@chronoengine.com,Female,239.45.139.167
660,Brewster,Domerc,bdomercib@un.org,Agender,140.48.47.210
661,Bevan,Safe,bsafeic@businessweek.com,Male,4.38.115.4
662,Hurlee,Jeannard,hjeannardid@fema.gov,Male,111.137.96.225
663,Boycie,Lorraine,blorraineie@diigo.com,Male,91.6.143.218
664,Meridel,Waplinton,mwaplintonif@toplist.cz,Female,70.214.81.111
665,Dorey,Snugg,dsnuggig@disqus.com,Female,177.200.213.144
666,Niall,Frith,nfrithih@icio.us,Male,14.155.51.8
667,Trisha,Brayshay,tbrayshayii@mysql.com,Female,26.253.196.108
668,Hieronymus,O'Lynn,holynnij@acquirethisname.com,Male,69.8.9.85
669,Ibby,Blakebrough,iblakebroughik@ow.ly,Polygender,195.107.79.111
670,Garrik,Freiburger,gfreiburgeril@discovery.com,Male,110.75.109.221
671,Rik,Cantopher,rcantopherim@opensource.org,Male,243.5.36.209
672,Alric,Reddle,areddlein@whitehouse.gov,Male,30.236.201.132
673,Clarisse,Britland,cbritlandio@wisc.edu,Female,99.176.63.86
674,Joby,Andersch,janderschip@seesaa.net,Female,250.158.131.49
675,Leo,Ailward,lailwardiq@tripadvisor.com,Male,49.38.31.105
676,Mattie,Cordie,mcordieir@yahoo.com,Male,154.59.200.148
677,Sib,Cairns,scairnsis@go.com,Female,97.203.121.248
678,Pen,Hallums,phallumsit@weibo.com,Genderfluid,195.44.4.224
679,Erny,Suter,esuteriu@vkontakte.ru,Male,144.205.104.100
680,Robbie,Fley,rfleyiv@wsj.com,Female,114.247.25.168
681,Ted,Lathey,tlatheyiw@rediff.com,Male,97.140.252.4
682,Francesca,Quail,fquailix@studiopress.com,Female,14.164.163.123
683,Nealy,Dellow,ndellowiy@freewebs.com,Male,248.96.245.47
684,Salvidor,Nockalls,snockallsiz@sourceforge.net,Male,47.65.137.221
685,Renaud,Pues,rpuesj0@prlog.org,Male,117.87.113.40
686,Desmond,Firpo,dfirpoj1@deliciousdays.com,Male,188.203.207.173
687,Giulio,Plaxton,gplaxtonj2@whitehouse.gov,Male,99.20.72.117
688,Lilly,Poleye,lpoleyej3@tuttocitta.it,Bigender,39.87.13.255
689,Gertie,Meneyer,gmeneyerj4@list-manage.com,Female,14.195.196.225
690,Vivian,Dalyell,vdalyellj5@ed.gov,Female,77.32.247.244
691,Vincenty,Sanpere,vsanperej6@engadget.com,Male,179.28.210.174
692,Xymenes,MacCroary,xmaccroaryj7@blogtalkradio.com,Male,177.240.42.16
693,Lammond,Golby,lgolbyj8@examiner.com,Male,195.217.64.19
694,Marianna,Novello,mnovelloj9@tamu.edu,Agender,38.11.154.168
695,Delmor,Loton,dlotonja@joomla.org,Male,252.180.192.83
696,Willdon,Guirardin,wguirardinjb@wikia.com,Male,56.111.103.154
697,Marigold,Lavens,mlavensjc@51.la,Female,37.23.248.147
698,Jojo,Blunsen,jblunsenjd@cbsnews.com,Female,5.3.136.228
699,Tallie,Lourens,tlourensje@cargocollective.com,Female,203.1.206.233
700,Brandy,Ruggieri,bruggierijf@usnews.com,Female,39.140.221.78
701,Koral,Boteman,kbotemanjg@wp.com,Female,10.64.240.100
702,Guendolen,Izatt,gizattjh@kickstarter.com,Female,250.182.112.73
703,Nil,Tewnion,ntewnionji@deliciousdays.com,Non-binary,215.222.75.46
704,Stormi,Scartifield,sscartifieldjj@exblog.jp,Female,90.140.11.27
705,Cory,Oscroft,coscroftjk@pinterest.com,Male,191.40.249.49
706,Silvio,Mitchelson,smitchelsonjl@stanford.edu,Male,72.246.168.77
707,Benedicto,Hentzer,bhentzerjm@ask.com,Male,61.153.50.85
708,Ezequiel,Kunes,ekunesjn@google.ru,Male,251.119.14.84
709,Alan,Pettegree,apettegreejo@t.co,Male,60.35.223.64
710,Javier,Patrickson,jpatricksonjp@home.pl,Male,78.26.9.28
711,Juliana,Sturdey,jsturdeyjq@youku.com,Female,142.63.226.16
712,Jake,Kobke,jkobkejr@odnoklassniki.ru,Male,133.10.225.221
713,Nona,Olczak,nolczakjs@hostgator.com,Female,96.29.156.151
714,Weylin,Holley,wholleyjt@toplist.cz,Male,174.169.79.211
715,Nesta,Bullcock,nbullcockju@cisco.com,Female,96.70.134.40
716,Jedediah,Fentem,jfentemjv@webmd.com,Male,250.156.148.10
717,Huntlee,Habgood,hhabgoodjw@comcast.net,Male,98.171.48.65
718,Hercules,Beeton,hbeetonjx@answers.com,Male,175.59.196.42
719,Bobbi,McGeffen,bmcgeffenjy@diigo.com,Female,13.152.139.158
720,Catha,Gretton,cgrettonjz@gnu.org,Female,130.38.150.242
721,Jermain,Cleland,jclelandk0@nps.gov,Male,175.134.177.146
722,Donal,Renowden,drenowdenk1@tripadvisor.com,Male,30.9.180.48
723,Carlyle,Kringe,ckringek2@sitemeter.com,Male,110.91.191.166
724,Goraud,Scintsbury,gscintsburyk3@sbwire.com,Male,228.30.85.195
725,Kingsly,Kinch,kkinchk4@cbsnews.com,Male,170.64.124.38
726,Sada,Labrone,slabronek5@linkedin.com,Female,31.47.183.65
727,Gran,Flode,gflodek6@psu.edu,Genderqueer,86.19.31.42
728,Eduardo,Austin,eaustink7@bloglines.com,Male,233.87.201.137
729,Shawn,Morcom,smorcomk8@edublogs.org,Male,153.66.82.64
730,Lavena,Lepere,lleperek9@vk.com,Female,16.136.231.162
731,Margaretha,Maultby,mmaultbyka@npr.org,Female,115.51.55.3
732,Griffy,Weldon,gweldonkb@csmonitor.com,Male,101.88.143.146
733,Adolphe,Hawthorn,ahawthornkc@artisteer.com,Male,206.121.209.52
734,Cassy,Roseburgh,croseburghkd@hud.gov,Genderfluid,100.181.74.223
735,Marlena,Garroch,mgarrochke@macromedia.com,Female,147.52.107.154
736,Pepillo,Hubble,phubblekf@goo.ne.jp,Male,65.226.251.141
737,Kayne,Kellock,kkellockkg@aol.com,Male,163.240.90.61
738,Rustie,Blasdale,rblasdalekh@sciencedirect.com,Male,111.145.244.42
739,Stinky,Southerill,ssoutherillki@zimbio.com,Male,124.230.76.172
740,Appolonia,Culwen,aculwenkj@odnoklassniki.ru,Non-binary,134.56.38.23
741,Berrie,Beilby,bbeilbykk@storify.com,Female,174.85.109.219
742,Bennie,Pococke,bpocockekl@wsj.com,Male,220.251.74.40
743,Den,Millis,dmilliskm@indiegogo.com,Male,112.235.120.64
744,Alyda,Greenhouse,agreenhousekn@yahoo.co.jp,Female,36.183.174.10
745,Daffi,Gillingham,dgillinghamko@odnoklassniki.ru,Female,177.73.3.84
746,Melamie,Mossdale,mmossdalekp@themeforest.net,Female,155.84.168.169
747,Elden,Leatherborrow,eleatherborrowkq@ucsd.edu,Male,227.11.26.118
748,Thadeus,Siddaley,tsiddaleykr@facebook.com,Male,176.212.162.2
749,Cloris,Beggini,cbegginiks@mtv.com,Female,41.191.153.174
750,Sigismund,Linkin,slinkinkt@un.org,Male,32.124.99.220
751,Marshal,Esparza,mesparzaku@cornell.edu,Male,187.60.244.135
752,Read,Dudhill,rdudhillkv@nyu.edu,Male,89.205.72.180
753,Jeralee,Herreros,jherreroskw@a8.net,Female,245.48.64.31
754,Briggs,Cappleman,bcapplemankx@independent.co.uk,Male,182.42.7.179
755,Nara,Hamper,nhamperky@dropbox.com,Female,103.104.125.185
756,Jeff,Durnall,jdurnallkz@posterous.com,Male,227.39.99.40
757,Cazzie,Fronzek,cfronzekl0@mail.ru,Male,28.208.231.42
758,Gabriela,Sturch,gsturchl1@jugem.jp,Genderfluid,6.69.142.126
759,Briggs,Tilne,btilnel2@indiatimes.com,Male,182.98.185.18
760,Lawrence,Tarbet,ltarbetl3@sitemeter.com,Male,188.120.158.251
761,Quint,Hasluck,qhasluckl4@hexun.com,Male,58.100.231.46
762,Loy,Briatt,lbriattl5@npr.org,Male,87.163.61.195
763,Sharl,Corner,scornerl6@slideshare.net,Female,184.197.12.196
764,Tracey,Goodison,tgoodisonl7@weebly.com,Female,64.56.120.92
765,Farr,Leghorn,fleghornl8@globo.com,Male,6.99.145.15
766,Thomasine,Blackford,tblackfordl9@timesonline.co.uk,Female,197.209.57.152
767,Konrad,Nottle,knottlela@blogspot.com,Male,174.61.97.227
768,Oren,Bolsover,obolsoverlb@bravesites.com,Male,26.248.63.71
769,Dorothee,Elnough,delnoughlc@usatoday.com,Female,99.169.249.189
770,Eleni,Sherrock,esherrockld@state.tx.us,Female,78.47.143.15
771,Dina,Circuitt,dcircuittle@hostgator.com,Female,47.141.204.193
772,Nickie,Saice,nsaicelf@github.com,Male,40.35.66.217
773,Nowell,Pollendine,npollendinelg@51.la,Male,154.238.19.232
774,Silvanus,Karpe,skarpelh@ning.com,Male,32.28.211.245
775,Lenora,Roseman,lrosemanli@dion.ne.jp,Female,116.89.99.74
776,Darrel,Anscombe,danscombelj@alexa.com,Non-binary,35.135.150.227
777,Bartlett,Shyram,bshyramlk@ox.ac.uk,Male,189.89.49.222
778,Hilarius,Halvorsen,hhalvorsenll@furl.net,Male,195.11.140.161
779,Carson,Millin,cmillinlm@ihg.com,Male,106.31.6.49
780,Amby,Deal,adealln@samsung.com,Male,147.105.154.119
781,Graham,Carder,gcarderlo@phoca.cz,Male,222.207.199.76
782,Corey,Hargreave,chargreavelp@huffingtonpost.com,Polygender,199.80.200.102
783,Norry,Bowshire,nbowshirelq@technorati.com,Female,151.214.177.243
784,Barth,Mairs,bmairslr@webeden.co.uk,Male,108.168.52.230
785,Raynor,Forth,rforthls@abc.net.au,Male,63.73.135.37
786,Querida,Simioni,qsimionilt@aboutads.info,Female,9.18.92.250
787,Lucio,O'Hagan,lohaganlu@flickr.com,Male,193.66.244.87
788,Elmer,Crowcher,ecrowcherlv@sphinn.com,Male,29.73.237.249
789,Harv,Serrell,hserrelllw@networkadvertising.org,Male,54.112.221.250
790,Franny,Rockey,frockeylx@ibm.com,Male,233.5.113.102
791,Amii,Missen,amissenly@ycombinator.com,Female,198.126.151.83
792,Dawn,Simonnin,dsimonninlz@salon.com,Female,165.134.128.111
793,Gerrie,Witcher,gwitcherm0@cdbaby.com,Female,169.5.109.67
794,Bale,Ealam,bealamm1@live.com,Male,105.36.239.148
795,Wallis,Truggian,wtruggianm2@ucoz.ru,Female,83.130.41.97
796,Patty,Shillabeare,pshillabearem3@cargocollective.com,Male,174.221.84.91
797,Sharia,Songest,ssongestm4@deliciousdays.com,Female,119.144.164.190
798,Dallon,Errey,derreym5@yelp.com,Male,178.217.71.72
799,Clair,Luis,cluism6@joomla.org,Male,187.0.72.238
800,Lucio,Orton,lortonm7@gnu.org,Male,73.249.251.149
801,Tulley,Knowller,tknowllerm8@washington.edu,Polygender,207.142.144.65
802,Artemus,Shepcutt,ashepcuttm9@weibo.com,Male,26.155.42.16
803,Ailyn,Ellesmere,aellesmerema@networkadvertising.org,Genderqueer,168.153.131.74
804,Saloma,Freeborne,sfreebornemb@bandcamp.com,Female,136.20.46.233
805,Antoine,Erb,aerbmc@about.me,Male,150.13.14.118
806,Isabel,Lewzey,ilewzeymd@state.gov,Female,189.221.36.243
807,Roger,Mioni,rmionime@jimdo.com,Male,91.131.185.27
808,Cyrill,Fawley,cfawleymf@1und1.de,Male,50.123.72.212
809,Der,Riccioppo,driccioppomg@addthis.com,Male,190.169.183.236
810,Agnes,Ramshaw,aramshawmh@bravesites.com,Female,102.167.3.111
811,Drusi,Capner,dcapnermi@google.com.br,Female,77.72.84.105
812,Briggs,Railton,brailtonmj@wufoo.com,Male,60.119.94.193
813,Melinda,Eagar,meagarmk@lulu.com,Female,107.168.26.195
814,Elisabet,Jaze,ejazeml@github.com,Genderqueer,243.82.50.195
815,Chrotoem,Gother,cgothermm@archive.org,Male,184.194.91.221
816,Annie,Tweedlie,atweedliemn@example.com,Female,25.165.244.113
817,Caz,Groveham,cgrovehammo@domainmarket.com,Male,164.71.210.207
818,Katlin,Jaimez,kjaimezmp@devhub.com,Female,201.210.132.201
819,Ham,Beevis,hbeevismq@mail.ru,Male,130.143.255.144
820,Stormi,Clampett,sclampettmr@wikia.com,Female,134.0.212.59
821,Ambrosius,Kemmis,akemmisms@uiuc.edu,Male,58.89.73.24
822,Ingrid,Knibb,iknibbmt@stumbleupon.com,Female,32.143.120.14
823,Tomi,Strongitharm,tstrongitharmmu@newyorker.com,Female,222.122.163.47
824,Trula,Trynor,ttrynormv@bigcartel.com,Female,214.135.5.178
825,Dina,Caso,dcasomw@ustream.tv,Female,207.194.133.160
826,Wit,Amorts,wamortsmx@icq.com,Male,196.176.157.1
827,Jephthah,Mussared,jmussaredmy@howstuffworks.com,Male,125.234.83.195
828,Janeva,Webland,jweblandmz@mapy.cz,Female,237.166.126.234
829,Ali,Dumsday,adumsdayn0@a8.net,Female,156.123.178.188
830,Eleanor,Burnep,eburnepn1@bing.com,Female,165.83.68.2
831,Kissee,Ruffle,krufflen2@ca.gov,Female,48.242.122.39
832,Liana,Wooff,lwooffn3@ft.com,Female,151.175.3.40
833,Davie,Clemenceau,dclemenceaun4@so-net.ne.jp,Male,229.116.8.150
834,Jocelyn,Beams,jbeamsn5@answers.com,Non-binary,182.68.101.163
835,Dasya,Coushe,dcoushen6@arstechnica.com,Female,97.221.10.40
836,Lusa,Lillecrop,llillecropn7@umich.edu,Female,94.124.12.140
837,Reinwald,Weaben,rweabenn8@theatlantic.com,Male,194.53.119.120
838,Walther,Huston,whustonn9@artisteer.com,Male,14.121.231.113
839,Therese,MacLise,tmaclisena@scribd.com,Female,95.99.214.161
840,Doralia,Rawood,drawoodnb@moonfruit.com,Genderfluid,190.228.243.158
841,Alma,Savill,asavillnc@tamu.edu,Female,216.253.162.217
842,Morgen,Fearn,mfearnnd@baidu.com,Male,95.105.19.103
843,Alexandros,Dinnies,adinniesne@51.la,Male,60.167.4.160
844,Pavlov,Roncelli,proncellinf@github.com,Male,232.26.131.23
845,Louise,Bentson,lbentsonng@xing.com,Female,40.27.25.87
846,Lawrence,Krochmann,lkrochmannnh@nih.gov,Male,205.129.190.191
847,Coral,Minear,cminearni@ca.gov,Agender,115.238.58.3
848,Niles,Murray,nmurraynj@indiegogo.com,Male,80.224.202.85
849,Susana,Marsie,smarsienk@who.int,Female,229.22.0.103
850,Merrel,Oliffe,moliffenl@networksolutions.com,Polygender,87.146.219.55
851,Dame,Craig,dcraignm@pagesperso-orange.fr,Genderqueer,117.19.148.36
852,Terry,Kime,tkimenn@51.la,Male,99.254.186.169
853,Morganne,Anselm,manselmno@privacy.gov.au,Bigender,22.43.167.21
854,Ware,Gowry,wgowrynp@patch.com,Male,148.113.176.226
855,Lynda,Geill,lgeillnq@ucsd.edu,Female,105.156.85.34
856,Adolf,Litchmore,alitchmorenr@psu.edu,Male,32.40.59.84
857,Ros,Goody,rgoodyns@blinklist.com,Female,5.152.164.42
858,Mariam,Evans,mevansnt@wix.com,Bigender,223.75.182.191
859,Emogene,Wragge,ewraggenu@ning.com,Female,6.235.6.15
860,Elset,Vasyatkin,evasyatkinnv@google.com.hk,Female,145.241.30.219
861,Hirsch,Bricham,hbrichamnw@house.gov,Genderfluid,153.104.241.206
862,Cassandra,Proppers,cproppersnx@exblog.jp,Female,71.60.104.117
863,Hester,Moine,hmoineny@sogou.com,Female,78.145.53.147
864,Wake,Chene,wchenenz@marriott.com,Agender,155.215.196.176
865,Rona,Wagenen,rwageneno0@scribd.com,Female,214.247.111.149
866,Bartolemo,Crose,bcroseo1@typepad.com,Male,201.158.191.17
867,Northrup,Brimfield,nbrimfieldo2@skyrock.com,Male,89.59.160.26
868,Karole,Bachura,kbachurao3@baidu.com,Female,255.111.107.184
869,Godfry,McCully,gmccullyo4@chron.com,Male,169.50.83.91
870,Bord,Verdey,bverdeyo5@free.fr,Male,71.77.240.156
871,Winnie,Honack,whonacko6@technorati.com,Female,237.219.15.239
872,Gabriellia,Bonin,gbonino7@rediff.com,Female,31.89.186.92
873,Sim,Colly,scollyo8@nba.com,Male,217.49.97.234
874,Kele,Lindegard,klindegardo9@t-online.de,Male,137.191.243.39
875,Tamarra,Hannon,thannonoa@wunderground.com,Female,53.100.30.178
876,Barbi,Monan,bmonanob@marriott.com,Female,53.143.65.124
877,Dom,Kinrade,dkinradeoc@myspace.com,Male,225.119.179.221
878,Boothe,Ramiro,bramirood@wordpress.org,Male,250.69.53.71
879,Osmund,Probbing,oprobbingoe@ox.ac.uk,Male,63.142.111.242
880,Antoni,Blogg,abloggof@house.gov,Male,86.73.97.91
881,Marin,Luparto,mlupartoog@surveymonkey.com,Female,55.36.126.143
882,Micky,Cuzen,mcuzenoh@ow.ly,Male,60.191.37.22
883,Jacques,Grishelyov,jgrishelyovoi@ft.com,Male,247.252.24.127
884,Harv,Caroli,hcarolioj@ed.gov,Male,33.111.206.82
885,Chrysler,Banasevich,cbanasevichok@statcounter.com,Genderqueer,239.189.115.228
886,Catharine,Bickell,cbickellol@domainmarket.com,Female,130.31.75.118
887,Staffard,Molloy,smolloyom@google.nl,Genderqueer,114.104.207.170
888,Derek,Shurrock,dshurrockon@sphinn.com,Male,32.234.136.240
889,Ethelbert,Iltchev,eiltchevoo@domainmarket.com,Male,255.166.51.176
890,Merridie,Bertomier,mbertomierop@123-reg.co.uk,Agender,249.17.156.55
891,Gabriella,Abbay,gabbayoq@indiegogo.com,Bigender,14.43.95.98
892,Whit,Spieck,wspieckor@wikispaces.com,Male,203.233.165.181
893,Delphinia,Jarrel,djarrelos@utexas.edu,Female,3.251.139.208
894,Drusi,Latchmore,dlatchmoreot@newsvine.com,Female,34.240.76.32
895,Fritz,Bricham,fbrichamou@imageshack.us,Male,155.148.48.100
896,Carlyn,Gueinn,cgueinnov@upenn.edu,Female,114.185.97.11
897,Winifred,Davis,wdavisow@house.gov,Female,109.150.40.146
898,Rycca,Houndsom,rhoundsomox@youtu.be,Female,150.113.215.147
899,Adriena,Ladon,aladonoy@lycos.com,Female,109.134.184.246
900,Fons,McNally,fmcnallyoz@zdnet.com,Male,212.114.107.212
901,Mirelle,Fantone,mfantonep0@xinhuanet.com,Female,243.46.112.153
902,Timmy,Poker,tpokerp1@techcrunch.com,Male,107.39.127.212
903,Graehme,Minchin,gminchinp2@ucoz.ru,Male,93.255.90.192
904,Irwinn,Pott,ipottp3@last.fm,Male,197.220.196.46
905,Rena,Santori,rsantorip4@bizjournals.com,Female,78.218.253.63
906,Ernesto,Branni,ebrannip5@webnode.com,Male,38.152.5.3
907,Fancy,Goldsby,fgoldsbyp6@hp.com,Female,42.11.120.212
908,Kacy,Halworth,khalworthp7@phpbb.com,Female,76.13.152.27
909,Rip,Shury,rshuryp8@ebay.com,Male,127.14.130.140
910,Parsifal,McKinnell,pmckinnellp9@jimdo.com,Male,104.173.24.59
911,Micky,Vasilic,mvasilicpa@apple.com,Male,57.155.19.93
912,Patrick,Rainard,prainardpb@reddit.com,Male,52.254.75.134
913,Raddy,Zuanelli,rzuanellipc@cbsnews.com,Male,63.139.168.110
914,Dawn,Carlo,dcarlopd@washingtonpost.com,Female,20.142.127.27
915,Ches,Bayston,cbaystonpe@merriam-webster.com,Male,178.95.93.174
916,Rriocard,Martello,rmartellopf@vimeo.com,Male,182.240.41.112
917,Lindi,Presho,lpreshopg@soup.io,Non-binary,210.224.249.69
918,Marla,Caven,mcavenph@moonfruit.com,Female,146.46.147.68
919,Bret,Ilive,bilivepi@aol.com,Male,183.233.147.186
920,Moishe,Sparsholt,msparsholtpj@stumbleupon.com,Non-binary,111.204.248.133
921,Keenan,Solloway,ksollowaypk@tripod.com,Male,185.46.147.234
922,Ruy,Weild,rweildpl@netvibes.com,Male,42.176.176.158
923,Lionel,Zaniolini,lzaniolinipm@time.com,Bigender,98.232.76.203
924,Maire,Hick,mhickpn@yahoo.com,Female,208.94.98.237
925,Kinna,Adlington,kadlingtonpo@paypal.com,Female,207.227.172.35
926,Garth,Voller,gvollerpp@tamu.edu,Male,132.7.21.36
927,Berkly,Pagan,bpaganpq@springer.com,Male,130.65.69.97
928,Griffin,Timmes,gtimmespr@stanford.edu,Male,90.125.211.224
929,Alvan,Thurlbourne,athurlbourneps@wired.com,Male,239.24.36.212
930,Rube,Hicks,rhickspt@storify.com,Male,136.189.192.29
931,Terencio,Livingston,tlivingstonpu@toplist.cz,Male,0.137.57.77
932,Amalea,Godwyn,agodwynpv@jiathis.com,Female,201.231.91.178
933,Samuel,Powlett,spowlettpw@state.gov,Male,81.114.125.222
934,Niki,Rowland,nrowlandpx@goo.gl,Bigender,102.55.227.78
935,Ignazio,Adelsberg,iadelsbergpy@yandex.ru,Male,196.74.178.205
936,Bastien,Lightbowne,blightbownepz@rambler.ru,Male,239.45.49.133
937,Kelcie,Prettyjohns,kprettyjohnsq0@histats.com,Female,165.136.140.59
938,Sophey,Gobeaux,sgobeauxq1@scientificamerican.com,Female,242.39.100.117
939,Joelynn,Tremellier,jtremellierq2@abc.net.au,Female,76.147.144.108
940,Nisse,Elderfield,nelderfieldq3@unc.edu,Female,209.103.47.35
941,Jarret,McGarahan,jmcgarahanq4@163.com,Male,101.19.95.151
942,Feodor,Hanburry,fhanburryq5@cafepress.com,Male,8.157.150.234
943,Verine,Hilhouse,vhilhouseq6@alibaba.com,Female,121.111.96.139
944,Willyt,Kirkbride,wkirkbrideq7@earthlink.net,Female,222.53.4.138
945,Hugo,Triggle,htriggleq8@theglobeandmail.com,Male,27.255.191.57
946,Frederik,McSweeney,fmcsweeneyq9@cnbc.com,Male,244.179.248.68
947,Letta,Pardew,lpardewqa@biglobe.ne.jp,Female,180.243.6.138
948,Tammy,Clemes,tclemesqb@stumbleupon.com,Male,152.215.171.153
949,Sheelagh,Vasilechko,svasilechkoqc@chronoengine.com,Female,235.1.196.211
950,Zak,Padmore,zpadmoreqd@domainmarket.com,Genderfluid,252.4.250.171
951,Allina,Bage,abageqe@domainmarket.com,Female,220.214.11.57
952,Harry,Snugg,hsnuggqf@163.com,Male,98.177.143.194
953,Melly,Richten,mrichtenqg@eventbrite.com,Female,93.182.195.20
954,Dinah,Marcussen,dmarcussenqh@bloglovin.com,Non-binary,160.155.30.43
955,Vernon,Matchitt,vmatchittqi@uiuc.edu,Polygender,18.127.44.12
956,Weston,Josselson,wjosselsonqj@netscape.com,Male,147.241.120.198
957,Sander,Cavil,scavilqk@slashdot.org,Male,67.130.129.232
958,Jan,Ozintsev,jozintsevql@opensource.org,Female,15.26.204.50
959,Gian,Alberti,galbertiqm@sina.com.cn,Male,121.179.96.189
960,Hunt,Mourge,hmourgeqn@tripod.com,Male,78.210.108.168
961,Tracy,Roke,trokeqo@cpanel.net,Male,160.116.0.150
962,Helge,Keppie,hkeppieqp@parallels.com,Female,92.251.205.212
963,Marco,Sparkes,msparkesqq@webnode.com,Male,222.109.232.204
964,Jens,Riccardini,jriccardiniqr@cafepress.com,Male,245.223.175.71
965,Stern,MacGiffin,smacgiffinqs@psu.edu,Male,247.98.146.56
966,Loydie,Fain,lfainqt@i2i.jp,Male,80.243.235.178
967,Abbie,Vannini,avanniniqu@dedecms.com,Male,209.71.128.109
968,Teriann,Paraman,tparamanqv@chron.com,Genderqueer,36.157.138.12
969,Phillipe,Ainscow,painscowqw@imageshack.us,Male,24.225.239.9
970,Estelle,Luck,eluckqx@posterous.com,Female,155.43.128.46
971,Winn,Stenett,wstenettqy@google.com.au,Male,141.179.209.57
972,Jayme,Coweuppe,jcoweuppeqz@answers.com,Male,79.58.123.198
973,Ursula,Pirot,upirotr0@tripod.com,Female,249.71.137.170
974,Betsy,Furst,bfurstr1@surveymonkey.com,Female,163.155.53.198
975,Henrieta,Dullingham,hdullinghamr2@nature.com,Female,142.205.192.170
976,Thacher,Jagels,tjagelsr3@digg.com,Male,216.104.81.53
977,Roderich,Cramphorn,rcramphornr4@un.org,Male,33.235.71.144
978,Colet,Sedgmond,csedgmondr5@fotki.com,Male,79.65.2.16
979,Eunice,Cooling,ecoolingr6@prweb.com,Female,105.143.167.242
980,Lorens,Haysman,lhaysmanr7@wisc.edu,Male,239.210.237.96
981,Jeralee,Streatley,jstreatleyr8@va.gov,Female,150.79.234.103
982,Bo,Dunnico,bdunnicor9@ucsd.edu,Male,97.242.120.197
983,Sol,Halsey,shalseyra@youku.com,Male,155.82.99.81
984,Fidelity,Valentin,fvalentinrb@walmart.com,Female,183.216.91.238
985,Elisabeth,Henken,ehenkenrc@moonfruit.com,Female,220.237.246.14
986,Gae,Posselow,gposselowrd@imdb.com,Female,140.201.125.238
987,Dorothee,Ondrousek,dondrousekre@hp.com,Female,54.242.199.99
988,Kin,Blankenship,kblankenshiprf@360.cn,Male,93.166.208.157
989,Gerik,Petruk,gpetrukrg@miitbeian.gov.cn,Male,130.24.241.207
990,Wren,Dyhouse,wdyhouserh@geocities.jp,Female,10.201.130.193
991,Adan,Gillies,agilliesri@is.gd,Male,215.175.66.78
992,Daron,Woodgate,dwoodgaterj@tmall.com,Female,31.244.142.74
993,Randell,Endrici,rendricirk@feedburner.com,Male,6.137.22.148
994,Johan,Eggleton,jeggletonrl@cafepress.com,Male,108.33.131.73
995,Tam,Ratcliffe,tratclifferm@tumblr.com,Agender,214.170.185.254
996,Quillan,Walisiak,qwalisiakrn@joomla.org,Male,203.173.145.143
997,Ronni,Philliskirk,rphilliskirkro@ucla.edu,Female,255.137.43.181
998,Neall,MacAskill,nmacaskillrp@businessweek.com,Male,0.193.47.173
999,Llewellyn,Sambedge,lsambedgerq@biglobe.ne.jp,Genderfluid,72.218.172.145
1000,Rosemary,Flowerden,rflowerdenrr@bluehost.com,Female,9.219.101.8
